Subreddit Name,Users Online
nyc,733
LosAngeles,105
Chicago,202
Houston,63
Philadelphia,89
Phoenix,23
SanAntonio,29
SanDiego,73
Dallas,45
SanJose,26
Austin,225
Jacksonville,13
Indianapolis,24
SanFrancisco,102
Columbus,30
FortWorth,23
Charlotte,20
Detroit,36
ElPaso,6
Memphis,17
Boston,145
Seattle,214
Denver,65
Washington,10
Nashville,25
Baltimore,42
Louisville,24
Portland,127
okc,8
Milwaukee,45
LasVegas,0
Albuquerque,15
Tucson,17
Fresno,12
Sacramento,31
LongBeach,10
KansasCity,50
MesaAZ,0
VirginiaBeach,3
Atlanta,114
ColoradoSprings,10
Raleigh,18
Omaha,14
Miami,24
Oakland,22
Tulsa,9
Minneapolis,21
Cleveland,21
Wichita,12
Arlington,3
NewOrleans,36
Bakersfield,6
Tampa,19
Honolulu,4
Anaheim,4
Aurora,4
OrangeCounty,31
StLouis,43
Riverside,5
CorpusChristi,2
Pittsburgh,33
Lexington,11
Anchorage,6
Stocktonca,3
Cincinnati,35
SaintPaul,5
Toledo,4
Newark,0
gso,8
Plano,7
cityofHenderson,5
Lincoln,9
Buffalo,23
FortWayne,4
JerseyCity,7
ChulaVista,4
Orlando,34
StPetersburg,4
Norfolk,8
Chandleraz,0
Laredo,3
Madison,2
Durham,0
Lubbock,4
WinstonSalem,4
Garlandtx,1
Glendale,3
Hialeah,3
Reno,3
BatonRouge,7
Irvine,0
Chesapeake,3
Irving,5
Scottsdale,5
North Las Vegas,0
Fremont,4
Gilbertaz,5
SanBernardino,2
Boise,16
Birmingham,20
Rochester,24
Richmond,3
Spokane,9
DesMoines,5
Montgomery,2
Modesto,7
Fayetteville,9
Tacoma,4
Shreveport,5
Fontana,0
Oxnard,5
Aurora,4
MorenoValley,4
Akron,1
Yonkers,0
Columbus,30
Augusta,9
LittleRock,7
Amarillo,5
Mobile,2
HuntingtonBeach,1
Glendale,3
GrandRapids,8
SaltLakeCity,27
Tallahassee,2
HuntsvilleAlabama,14
Worcester,1
Knoxville,7
GrandPrairie,4
NewportNews,3
Brownsville,0
SantaClarita,5
OverlandPark,3
Providence,8
Jacksonms,5
GardenGrove,2
Oceanside,1
Chattanooga,19
FortLauderdale,6
RanchoCucamonga,2
SantaRosa,5
PortStLucie,1
Ontario,12
Tempe,8
Vancouver,150
SpringfieldMO,4
CapeCoral,3
PembrokePines,2
SiouxFalls,1
Peoriaaz,0
LancasterCA,1
ElkGrove,4
Corona,4
Eugene,22
Salem,3
palmdale,5
Salinas,4
Springfield413,5
PasadenaTX,0
Rockford,2
Pomona,0
Hayward,1
FortCollins,5
Joliet,0
Escondido,0
kansasCity,44
Torrance,3
Bridgeportct,1
Alexandria_VA,4
Sunnyvale,4
TownOfCary,1
Lakewoodco?,0
Hollywood?,4
Paterson?,0
Syracuse,8
Naperville,1
McKinney,5
Mesquite?,4
Clarksville,4
Savannah,9
Dayton,8
???,0
???,0
Pasadena,5
HamptonRoads,2
???,0
Killeen,3
???,0
???,0
Columbiasc,3
NewHaven,4
???,0
Olathe,4
???,0
ThousandOaks,5
Frisco,0
CedarRapids,10
Topeka,0
Visalia,1
Waco,7
elizabethcity,4
Bellevue,3
Gainesville,1
SimiValley,4
Charleston,12
CarrolltonTX,0
CoralSprings,0
StamfordCT,4
Hartford,0
Concordca???,0
Roseville,3
Temecula,3
Thorntonwa???,0
Lafayettela????,3
Surpriseaz????,3
Denton,7
Victorvilleca????,0
Evansville,1
Midessa,3
SantaClara,0
Athens,8
Allentown,4
Abilene,2
Beaumont,4
Vallejo,0
Independence????,0
SpringfieldIL,3
AnnArbor,15
ProvoUtah,3
PeoriaIL,0
Norman,0
Berkeley,38
ElMonte,5
Murfreesboro,5
Lansing,1
columbiamo,1
Downeyca????,0
CostaMesa,5
Inglewoodca????,0
MiamiGardensfl???,0
Manchester,38
Elgin,3
Wilmington,9
WaterburyCT,4
Fargo,4
denverwest,4
Carlsbad,4
Westminsterco????,0
RochesterMN,6
Gresham,5
Clearwater,3
Lowell,0
WestJordanut???,4
Pueblo,2
SanBuenaventura(Ventura),0
Fairfield,1
WestCovina???,0
Billings,1
Murrieta,2
HighPoint???,0
RoundRock,2
Richmondca,3
Cambridge,2
Norwalk,2
Odessa?(alreadycoveredunder),0
Antioch,0
Temecula,3
GreenBay,4
Everett,3
WichitaFalls,4
Burbank,1
PalmBay ???,0
Centennial,0
DalyCity,3
Richardson,3
PompanoBeach,0
BrokenArrow,3
NorthCharleston,0
WestPalmBeach,2
Boulder,23
Rialto,3
SantaMaria,1
ElCajon???,0
Davenport,3
Erie,0
LasCruces,3
SouthBend,0
Flint,1
Kenosha,1
